id_cliente,age,transazioni_uscite,transazioni_entrate,tot_uscite,tot_entrate,n_conti_tot,n_conti_tipo0,n_conti_tipo1,n_conti_tipo2,n_conti_tipo3,n_trans_uscite_tipo0,n_trans_uscite_tipo1,n_trans_uscite_tipo2,n_trans_uscite_tipo3,n_trans_entrate_tipo0,n_trans_entrate_tipo1,n_trans_entrate_tipo2,n_trans_entrate_tipo3,tot_uscite_tipo0,tot_uscite_tipo1,tot_uscite_tipo2,tot_uscite_tipo3,tot_entrate_tipo0,tot_entrate_tipo1,tot_entrate_tipo2,tot_entrate_tipo3
0,66,NULL,NULL,NULL,NULL,NULL,NULL,NULL,NULL,NULL,NULL,NULL,NULL,NULL,NULL,NULL,NULL,NULL,NULL,NULL,NULL,NULL,NULL,NULL,NULL,NULL
1,57,54,7,-4742.71,536.91,1,0,0,1,0,0,0,54,0,0,0,7,0,0,0,-4742.71,0,0,0,536.91,0
2,52,103,16,-7843.07,1356.59,2,1,0,1,0,52,0,51,0,7,0,9,0,-3944.22,0,-3898.86,0,877.54,0,479.05,0
3,61,109,15,-11312.43,1484.37,2,1,1,0,0,57,52,0,0,6,9,0,0,-6120.12,-5192.31,0,0,345.62,1138.75,0,0
4,38,47,4,-4516.85,747.37,1,0,0,0,1,0,0,0,47,0,0,0,4,0,0,0,-4516.85,0,0,0,747.37
5,36,95,27,-6584.69,2255.79,2,1,0,1,0,50,0,45,0,12,0,15,0,-3495.67,0,-3089.02,0,607.55,0,1648.24,0
6,58,44,13,-3705.46,1224.71,1,0,0,1,0,0,0,44,0,0,0,13,0,0,0,-3705.46,0,0,0,1224.71,0
7,38,54,14,-5384.39,1008.78,1,0,0,1,0,0,0,54,0,0,0,14,0,0,0,-5384.39,0,0,0,1008.78,0
8,26,37,7,-2833.49,531.45,1,0,0,1,0,0,0,37,0,0,0,7,0,0,0,-2833.49,0,0,0,531.45,0
9,64,57,6,-4083.9,252.6,1,0,1,0,0,0,57,0,0,0,6,0,0,0,-4083.9,0,0,0,252.6,0,0
10,62,97,19,-7606.37,2446.57,2,1,0,0,1,58,0,0,39,10,0,0,9,-4164.83,0,0,-3441.54,688.86,0,0,1757.71
11,30,376,85,-29874.71,6491.24,8,2,1,0,5,86,56,0,234,15,11,0,59,-7160.36,-2838.01,0,-19876.34,1522.53,828.88,0,4139.83
12,29,NULL,NULL,NULL,NULL,NULL,NULL,NULL,NULL,NULL,NULL,NULL,NULL,NULL,NULL,NULL,NULL,NULL,NULL,NULL,NULL,NULL,NULL,NULL,NULL,NULL
13,66,NULL,NULL,NULL,NULL,NULL,NULL,NULL,NULL,NULL,NULL,NULL,NULL,NULL,NULL,NULL,NULL,NULL,NULL,NULL,NULL,NULL,NULL,NULL,NULL,NULL
14,29,NULL,NULL,NULL,NULL,NULL,NULL,NULL,NULL,NULL,NULL,NULL,NULL,NULL,NULL,NULL,NULL,NULL,NULL,NULL,NULL,NULL,NULL,NULL,NULL,NULL
15,58,159,25,-14137.63,2083.36,3,2,0,0,1,112,0,0,47,18,0,0,7,-11111.99,0,0,-3025.65,1596.29,0,0,487.07
16,35,183,43,-15026.21,3126.64,4,0,0,1,3,0,0,50,133,0,0,12,31,0,0,-4480.09,-10546.12,0,0,950.17,2176.47
17,58,NULL,NULL,NULL,NULL,NULL,NULL,NULL,NULL,NULL,NULL,NULL,NULL,NULL,NULL,NULL,NULL,NULL,NULL,NULL,NULL,NULL,NULL,NULL,NULL,NULL
18,55,NULL,NULL,NULL,NULL,NULL,NULL,NULL,NULL,NULL,NULL,NULL,NULL,NULL,NULL,NULL,NULL,NULL,NULL,NULL,NULL,NULL,NULL,NULL,NULL,NULL
19,45,56,7,-4808.99,467.33,1,0,0,0,1,0,0,0,56,0,0,0,7,0,0,0,-4808.99,0,0,0,467.33
20,29,NULL,NULL,NULL,NULL,NULL,NULL,NULL,NULL,NULL,NULL,NULL,NULL,NULL,NULL,NULL,NULL,NULL,NULL,NULL,NULL,NULL,NULL,NULL,NULL,NULL
21,52,134,18,-12999.07,1268.04,2,1,0,1,0,70,0,64,0,12,0,6,0,-5694.72,0,-7304.36,0,894.76,0,373.28,0
22,28,51,10,-4553.98,529.96,1,0,1,0,0,0,51,0,0,0,10,0,0,0,-4553.98,0,0,0,529.96,0,0
23,46,47,8,-3528.07,711.68,1,0,0,1,0,0,0,47,0,0,0,8,0,0,0,-3528.07,0,0,0,711.68,0
24,45,51,10,-3722.11,618.7,1,0,0,1,0,0,0,51,0,0,0,10,0,0,0,-3722.11,0,0,0,618.7,0
25,25,91,25,-6918.9,1691.03,2,1,0,1,0,47,0,44,0,11,0,14,0,-3753.78,0,-3165.12,0,523.6,0,1167.43,0
26,52,44,10,-4851.12,479.14,1,0,0,0,1,0,0,0,44,0,0,0,10,0,0,0,-4851.12,0,0,0,479.14
27,55,NULL,NULL,NULL,NULL,NULL,NULL,NULL,NULL,NULL,NULL,NULL,NULL,NULL,NULL,NULL,NULL,NULL,NULL,NULL,NULL,NULL,NULL,NULL,NULL,NULL
28,47,95,17,-7384.9,1107.37,2,1,1,0,0,46,49,0,0,9,8,0,0,-3726.06,-3658.84,0,0,613.1,494.27,0,0
29,26,120,24,-11252.11,2616.09,2,0,1,0,1,0,68,0,52,0,9,0,15,0,-6354.62,0,-4897.49,0,547.72,0,2068.37
30,63,54,4,-3319.25,334.54,1,1,0,0,0,54,0,0,0,4,0,0,0,-3319.25,0,0,0,334.54,0,0,0
31,36,57,9,-4118.73,846.31,1,0,0,0,1,0,0,0,57,0,0,0,9,0,0,0,-4118.73,0,0,0,846.31
32,48,NULL,NULL,NULL,NULL,NULL,NULL,NULL,NULL,NULL,NULL,NULL,NULL,NULL,NULL,NULL,NULL,NULL,NULL,NULL,NULL,NULL,NULL,NULL,NULL,NULL
33,45,97,18,-7357.44,1554.2,2,0,0,1,1,0,0,40,57,0,0,12,6,0,0,-3308.89,-4048.54,0,0,934.81,619.38
34,39,NULL,NULL,NULL,NULL,NULL,NULL,NULL,NULL,NULL,NULL,NULL,NULL,NULL,NULL,NULL,NULL,NULL,NULL,NULL,NULL,NULL,NULL,NULL,NULL,NULL
35,32,NULL,NULL,NULL,NULL,NULL,NULL,NULL,NULL,NULL,NULL,NULL,NULL,NULL,NULL,NULL,NULL,NULL,NULL,NULL,NULL,NULL,NULL,NULL,NULL,NULL
36,66,NULL,NULL,NULL,NULL,NULL,NULL,NULL,NULL,NULL,NULL,NULL,NULL,NULL,NULL,NULL,NULL,NULL,NULL,NULL,NULL,NULL,NULL,NULL,NULL,NULL
37,55,45,7,-3773.81,248.43,1,0,0,1,0,0,0,45,0,0,0,7,0,0,0,-3773.81,0,0,0,248.43,0
38,43,137,31,-13313.52,1886.74,3,2,0,0,1,86,0,0,51,21,0,0,10,-9618.73,0,0,-3694.79,1460.41,0,0,426.33
39,46,NULL,NULL,NULL,NULL,NULL,NULL,NULL,NULL,NULL,NULL,NULL,NULL,NULL,NULL,NULL,NULL,NULL,NULL,NULL,NULL,NULL,NULL,NULL,NULL,NULL
40,40,143,22,-12627.92,1696.21,3,0,0,1,2,0,0,41,102,0,0,7,15,0,0,-3859.34,-8768.58,0,0,615.47,1080.74
41,67,51,13,-4465.7,743.34,1,0,0,0,1,0,0,0,51,0,0,0,13,0,0,0,-4465.7,0,0,0,743.34
42,30,NULL,NULL,NULL,NULL,NULL,NULL,NULL,NULL,NULL,NULL,NULL,NULL,NULL,NULL,NULL,NULL,NULL,NULL,NULL,NULL,NULL,NULL,NULL,NULL,NULL
43,56,39,8,-3121.51,1270.82,1,0,1,0,0,0,39,0,0,0,8,0,0,0,-3121.51,0,0,0,1270.82,0,0
44,59,NULL,NULL,NULL,NULL,NULL,NULL,NULL,NULL,NULL,NULL,NULL,NULL,NULL,NULL,NULL,NULL,NULL,NULL,NULL,NULL,NULL,NULL,NULL,NULL,NULL
45,51,54,8,-3670.79,453.78,1,0,1,0,0,0,54,0,0,0,8,0,0,0,-3670.79,0,0,0,453.78,0,0
46,48,NULL,NULL,NULL,NULL,NULL,NULL,NULL,NULL,NULL,NULL,NULL,NULL,NULL,NULL,NULL,NULL,NULL,NULL,NULL,NULL,NULL,NULL,NULL,NULL,NULL
47,59,NULL,NULL,NULL,NULL,NULL,NULL,NULL,NULL,NULL,NULL,NULL,NULL,NULL,NULL,NULL,NULL,NULL,NULL,NULL,NULL,NULL,NULL,NULL,NULL,NULL
48,64,49,10,-2939.81,247.17,1,0,0,1,0,0,0,49,0,0,0,10,0,0,0,-2939.81,0,0,0,247.17,0
49,41,NULL,NULL,NULL,NULL,NULL,NULL,NULL,NULL,NULL,NULL,NULL,NULL,NULL,NULL,NULL,NULL,NULL,NULL,NULL,NULL,NULL,NULL,NULL,NULL,NULL
50,65,52,12,-3234.12,666.46,1,0,0,1,0,0,0,52,0,0,0,12,0,0,0,-3234.12,0,0,0,666.46,0
51,36,119,23,-10532.96,1844.01,2,0,1,1,0,0,54,65,0,0,15,8,0,0,-4460.48,-6072.48,0,0,1021.22,822.79,0
52,55,NULL,NULL,NULL,NULL,NULL,NULL,NULL,NULL,NULL,NULL,NULL,NULL,NULL,NULL,NULL,NULL,NULL,NULL,NULL,NULL,NULL,NULL,NULL,NULL,NULL
53,55,NULL,NULL,NULL,NULL,NULL,NULL,NULL,NULL,NULL,NULL,NULL,NULL,NULL,NULL,NULL,NULL,NULL,NULL,NULL,NULL,NULL,NULL,NULL,NULL,NULL
54,66,NULL,NULL,NULL,NULL,NULL,NULL,NULL,NULL,NULL,NULL,NULL,NULL,NULL,NULL,NULL,NULL,NULL,NULL,NULL,NULL,NULL,NULL,NULL,NULL,NULL
55,44,54,7,-3250.82,695.06,1,1,0,0,0,54,0,0,0,7,0,0,0,-3250.82,0,0,0,695.06,0,0,0
56,27,NULL,NULL,NULL,NULL,NULL,NULL,NULL,NULL,NULL,NULL,NULL,NULL,NULL,NULL,NULL,NULL,NULL,NULL,NULL,NULL,NULL,NULL,NULL,NULL,NULL
57,27,NULL,NULL,NULL,NULL,NULL,NULL,NULL,NULL,NULL,NULL,NULL,NULL,NULL,NULL,NULL,NULL,NULL,NULL,NULL,NULL,NULL,NULL,NULL,NULL,NULL
58,54,49,9,-4681.24,816.26,1,0,1,0,0,0,49,0,0,0,9,0,0,0,-4681.24,0,0,0,816.26,0,0
59,63,95,24,-7952.91,3106.66,2,1,0,0,1,49,0,0,46,13,0,0,11,-4809.6,0,0,-3143.31,885.01,0,0,2221.65
60,62,108,21,-7868.11,1896.09,2,0,1,1,0,0,52,56,0,0,12,9,0,0,-4352.14,-3515.97,0,0,1182.33,713.76,0
61,54,NULL,NULL,NULL,NULL,NULL,NULL,NULL,NULL,NULL,NULL,NULL,NULL,NULL,NULL,NULL,NULL,NULL,NULL,NULL,NULL,NULL,NULL,NULL,NULL,NULL
62,59,NULL,NULL,NULL,NULL,NULL,NULL,NULL,NULL,NULL,NULL,NULL,NULL,NULL,NULL,NULL,NULL,NULL,NULL,NULL,NULL,NULL,NULL,NULL,NULL,NULL
63,58,NULL,NULL,NULL,NULL,NULL,NULL,NULL,NULL,NULL,NULL,NULL,NULL,NULL,NULL,NULL,NULL,NULL,NULL,NULL,NULL,NULL,NULL,NULL,NULL,NULL
64,41,106,13,-9310.67,1009.03,2,0,1,0,1,0,57,0,49,0,7,0,6,0,-5473.28,0,-3837.38,0,670.13,0,338.9
65,33,86,17,-7351.83,1537.31,2,1,1,0,0,40,46,0,0,3,14,0,0,-3839.26,-3512.56,0,0,286.08,1251.23,0,0
66,35,NULL,NULL,NULL,NULL,NULL,NULL,NULL,NULL,NULL,NULL,NULL,NULL,NULL,NULL,NULL,NULL,NULL,NULL,NULL,NULL,NULL,NULL,NULL,NULL,NULL
67,51,NULL,NULL,NULL,NULL,NULL,NULL,NULL,NULL,NULL,NULL,NULL,NULL,NULL,NULL,NULL,NULL,NULL,NULL,NULL,NULL,NULL,NULL,NULL,NULL,NULL
68,27,121,20,-11065.55,1914.87,2,1,1,0,0,64,57,0,0,10,10,0,0,-5503.57,-5561.98,0,0,1095.19,819.68,0,0
69,50,NULL,NULL,NULL,NULL,NULL,NULL,NULL,NULL,NULL,NULL,NULL,NULL,NULL,NULL,NULL,NULL,NULL,NULL,NULL,NULL,NULL,NULL,NULL,NULL,NULL
70,40,57,9,-4540.06,613.66,1,0,0,1,0,0,0,57,0,0,0,9,0,0,0,-4540.06,0,0,0,613.66,0
71,62,NULL,NULL,NULL,NULL,NULL,NULL,NULL,NULL,NULL,NULL,NULL,NULL,NULL,NULL,NULL,NULL,NULL,NULL,NULL,NULL,NULL,NULL,NULL,NULL,NULL
72,45,45,10,-4642.41,876.79,1,0,0,1,0,0,0,45,0,0,0,10,0,0,0,-4642.41,0,0,0,876.79,0
73,31,54,10,-3461.45,763.87,1,1,0,0,0,54,0,0,0,10,0,0,0,-3461.45,0,0,0,763.87,0,0,0
74,32,46,9,-3620.27,853.05,1,0,0,1,0,0,0,46,0,0,0,9,0,0,0,-3620.27,0,0,0,853.05,0
75,32,NULL,NULL,NULL,NULL,NULL,NULL,NULL,NULL,NULL,NULL,NULL,NULL,NULL,NULL,NULL,NULL,NULL,NULL,NULL,NULL,NULL,NULL,NULL,NULL,NULL
76,53,58,9,-4335.06,338.16,1,0,1,0,0,0,58,0,0,0,9,0,0,0,-4335.06,0,0,0,338.16,0,0
77,63,53,13,-3831.75,1202.7,1,0,0,0,1,0,0,0,53,0,0,0,13,0,0,0,-3831.75,0,0,0,1202.7
78,34,156,32,-11098.47,3213.91,3,1,1,1,0,47,57,52,0,13,10,9,0,-3114.92,-4478.31,-3505.24,0,856.97,1594.52,762.43,0
79,38,50,7,-4138.17,630.29,1,0,1,0,0,0,50,0,0,0,7,0,0,0,-4138.17,0,0,0,630.29,0,0
80,42,103,25,-7648.94,1811.36,2,0,1,0,1,0,43,0,60,0,9,0,16,0,-3212.51,0,-4436.43,0,594.16,0,1217.2
81,34,98,15,-9124.09,887.32,2,0,1,1,0,0,53,45,0,0,8,7,0,0,-5310.46,-3813.63,0,0,663.37,223.95,0
82,50,102,28,-8353.86,2001.19,2,1,1,0,0,48,54,0,0,11,17,0,0,-3781.74,-4572.12,0,0,886.56,1114.63,0,0
83,62,166,36,-13680.76,3374.69,3,0,2,0,1,0,120,0,46,0,25,0,11,0,-11264.81,0,-2415.95,0,2031.38,0,1343.31
84,63,50,11,-4372.44,740.47,1,0,0,1,0,0,0,50,0,0,0,11,0,0,0,-4372.44,0,0,0,740.47,0
85,38,49,6,-3745.55,208.19,1,1,0,0,0,49,0,0,0,6,0,0,0,-3745.55,0,0,0,208.19,0,0,0
86,35,NULL,NULL,NULL,NULL,NULL,NULL,NULL,NULL,NULL,NULL,NULL,NULL,NULL,NULL,NULL,NULL,NULL,NULL,NULL,NULL,NULL,NULL,NULL,NULL,NULL
87,34,102,18,-9056.53,1217.78,2,0,0,1,1,0,0,42,60,0,0,5,13,0,0,-3145.24,-5911.29,0,0,452.24,765.53
88,30,149,29,-11979.1,2297.53,3,0,0,1,2,0,0,54,95,0,0,12,17,0,0,-3792.59,-8186.52,0,0,676.38,1621.15
89,28,93,19,-6713.27,1398.62,2,1,1,0,0,48,45,0,0,12,7,0,0,-3811.38,-2901.89,0,0,1116.09,282.54,0,0
90,53,89,19,-5481.39,1299.32,2,1,1,0,0,45,44,0,0,9,10,0,0,-2753.72,-2727.67,0,0,717.28,582.04,0,0
91,28,NULL,NULL,NULL,NULL,NULL,NULL,NULL,NULL,NULL,NULL,NULL,NULL,NULL,NULL,NULL,NULL,NULL,NULL,NULL,NULL,NULL,NULL,NULL,NULL,NULL
92,40,NULL,NULL,NULL,NULL,NULL,NULL,NULL,NULL,NULL,NULL,NULL,NULL,NULL,NULL,NULL,NULL,NULL,NULL,NULL,NULL,NULL,NULL,NULL,NULL,NULL
93,31,104,18,-6623.51,2221.88,2,0,0,1,1,0,0,57,47,0,0,9,9,0,0,-3580.87,-3042.64,0,0,1007.04,1214.83
94,29,114,21,-8241.09,1895.06,2,0,1,0,1,0,60,0,54,0,9,0,12,0,-4577.76,0,-3663.33,0,616.52,0,1278.54
95,31,50,8,-3047.78,551.76,1,1,0,0,0,50,0,0,0,8,0,0,0,-3047.78,0,0,0,551.76,0,0,0
96,49,101,14,-6007.39,1440.55,2,1,0,1,0,57,0,44,0,7,0,7,0,-3537.24,0,-2470.15,0,1114.79,0,325.76,0
97,30,105,23,-7175,2085.54,2,0,1,1,0,0,63,42,0,0,15,8,0,0,-4815.5,-2359.5,0,0,1208.57,876.97,0
98,49,49,6,-3155.77,448.93,1,0,1,0,0,0,49,0,0,0,6,0,0,0,-3155.77,0,0,0,448.93,0,0
99,44,61,11,-3964.64,906.63,1,0,1,0,0,0,61,0,0,0,11,0,0,0,-3964.64,0,0,0,906.63,0,0
100,40,205,27,-17249.72,2443.39,4,0,1,3,0,0,48,157,0,0,4,23,0,0,-3994.2,-13255.52,0,0,329.47,2113.92,0
101,33,104,22,-8889.47,1590.73,2,1,1,0,0,51,53,0,0,9,13,0,0,-4817.23,-4072.24,0,0,530.38,1060.35,0,0
102,59,107,20,-7387.67,1082.69,2,0,1,1,0,0,58,49,0,0,11,9,0,0,-4076.88,-3310.79,0,0,544.95,537.73,0
103,54,171,25,-12734.37,3514.32,3,1,0,1,1,60,0,53,58,8,0,3,14,-4734.93,0,-3840.38,-4159.06,1796.93,0,302.16,1415.24
104,58,NULL,NULL,NULL,NULL,NULL,NULL,NULL,NULL,NULL,NULL,NULL,NULL,NULL,NULL,NULL,NULL,NULL,NULL,NULL,NULL,NULL,NULL,NULL,NULL,NULL
105,48,52,8,-3830.8,1092.06,1,0,1,0,0,0,52,0,0,0,8,0,0,0,-3830.8,0,0,0,1092.06,0,0
106,51,170,27,-15858.82,1912.43,3,0,3,0,0,0,170,0,0,0,27,0,0,0,-15858.82,0,0,0,1912.43,0,0
107,66,NULL,NULL,NULL,NULL,NULL,NULL,NULL,NULL,NULL,NULL,NULL,NULL,NULL,NULL,NULL,NULL,NULL,NULL,NULL,NULL,NULL,NULL,NULL,NULL,NULL
108,26,NULL,NULL,NULL,NULL,NULL,NULL,NULL,NULL,NULL,NULL,NULL,NULL,NULL,NULL,NULL,NULL,NULL,NULL,NULL,NULL,NULL,NULL,NULL,NULL,NULL
109,34,49,7,-4935.69,925.74,1,1,0,0,0,49,0,0,0,7,0,0,0,-4935.69,0,0,0,925.74,0,0,0
110,30,57,4,-5330.44,536.67,1,0,0,1,0,0,0,57,0,0,0,4,0,0,0,-5330.44,0,0,0,536.67,0
111,28,165,23,-14582.06,1483.39,3,0,1,1,1,0,63,54,48,0,10,12,1,0,-6096.42,-4937.05,-3548.59,0,475.87,795.77,211.75
112,38,96,17,-9080.01,1298.96,2,1,0,0,1,52,0,0,44,8,0,0,9,-4286.5,0,0,-4793.51,536.1,0,0,762.86
113,44,40,7,-3185.95,750.22,1,1,0,0,0,40,0,0,0,7,0,0,0,-3185.95,0,0,0,750.22,0,0,0
114,33,58,10,-4493.93,692.4,1,0,0,0,1,0,0,0,58,0,0,0,10,0,0,0,-4493.93,0,0,0,692.4
115,54,54,12,-4259.1,2409.05,1,1,0,0,0,54,0,0,0,12,0,0,0,-4259.1,0,0,0,2409.05,0,0,0
116,35,NULL,NULL,NULL,NULL,NULL,NULL,NULL,NULL,NULL,NULL,NULL,NULL,NULL,NULL,NULL,NULL,NULL,NULL,NULL,NULL,NULL,NULL,NULL,NULL,NULL
117,26,176,35,-13970.36,2879.61,3,1,0,1,1,53,0,65,58,16,0,11,8,-4973.48,0,-5238.99,-3757.89,1128.67,0,1057.96,692.98
118,41,109,20,-8433.46,1457.63,2,0,0,2,0,0,0,109,0,0,0,20,0,0,0,-8433.46,0,0,0,1457.63,0
119,54,57,7,-3985.56,502.07,1,0,0,1,0,0,0,57,0,0,0,7,0,0,0,-3985.56,0,0,0,502.07,0
120,27,NULL,NULL,NULL,NULL,NULL,NULL,NULL,NULL,NULL,NULL,NULL,NULL,NULL,NULL,NULL,NULL,NULL,NULL,NULL,NULL,NULL,NULL,NULL,NULL,NULL
121,35,49,13,-4150.65,1309.67,1,0,0,1,0,0,0,49,0,0,0,13,0,0,0,-4150.65,0,0,0,1309.67,0
122,67,158,32,-11492.46,2225.53,3,0,0,1,2,0,0,55,103,0,0,12,20,0,0,-4430.95,-7061.51,0,0,580.8,1644.73
123,61,106,28,-8359.52,1438.41,2,2,0,0,0,106,0,0,0,28,0,0,0,-8359.52,0,0,0,1438.41,0,0,0
124,29,60,9,-6126.36,570.64,1,0,0,0,1,0,0,0,60,0,0,0,9,0,0,0,-6126.36,0,0,0,570.64
125,35,NULL,NULL,NULL,NULL,NULL,NULL,NULL,NULL,NULL,NULL,NULL,NULL,NULL,NULL,NULL,NULL,NULL,NULL,NULL,NULL,NULL,NULL,NULL,NULL,NULL
126,66,59,12,-5904.03,769.67,1,1,0,0,0,59,0,0,0,12,0,0,0,-5904.03,0,0,0,769.67,0,0,0
127,62,NULL,NULL,NULL,NULL,NULL,NULL,NULL,NULL,NULL,NULL,NULL,NULL,NULL,NULL,NULL,NULL,NULL,NULL,NULL,NULL,NULL,NULL,NULL,NULL,NULL
128,58,51,9,-4110.66,604.98,1,0,1,0,0,0,51,0,0,0,9,0,0,0,-4110.66,0,0,0,604.98,0,0
129,51,162,45,-13007.8,3486.08,4,0,1,2,1,0,48,86,28,0,14,18,13,0,-3481.06,-7435.75,-2090.99,0,850.16,1352.3,1283.62
130,51,53,13,-3724.88,1035.49,1,0,0,1,0,0,0,53,0,0,0,13,0,0,0,-3724.88,0,0,0,1035.49,0
131,50,126,13,-9863.57,895.87,2,2,0,0,0,126,0,0,0,13,0,0,0,-9863.57,0,0,0,895.87,0,0,0
132,46,52,14,-3990.29,436.75,1,0,0,1,0,0,0,52,0,0,0,14,0,0,0,-3990.29,0,0,0,436.75,0
133,53,150,30,-14474.12,2887.67,3,0,0,1,2,0,0,43,107,0,0,11,19,0,0,-3461.44,-11012.68,0,0,1452.16,1435.51
134,43,55,8,-5157.53,602.5,1,0,1,0,0,0,55,0,0,0,8,0,0,0,-5157.53,0,0,0,602.5,0,0
135,53,96,16,-7395.23,1149.43,2,2,0,0,0,96,0,0,0,16,0,0,0,-7395.23,0,0,0,1149.43,0,0,0
136,44,37,11,-2270.2,1273.33,1,0,0,1,0,0,0,37,0,0,0,11,0,0,0,-2270.2,0,0,0,1273.33,0
137,45,NULL,NULL,NULL,NULL,NULL,NULL,NULL,NULL,NULL,NULL,NULL,NULL,NULL,NULL,NULL,NULL,NULL,NULL,NULL,NULL,NULL,NULL,NULL,NULL,NULL
138,25,NULL,NULL,NULL,NULL,NULL,NULL,NULL,NULL,NULL,NULL,NULL,NULL,NULL,NULL,NULL,NULL,NULL,NULL,NULL,NULL,NULL,NULL,NULL,NULL,NULL
139,29,208,34,-17307.1,3401.65,4,2,1,1,0,112,45,51,0,18,5,11,0,-11770.21,-2621.33,-2915.56,0,1898.21,802.54,700.9,0
140,60,51,15,-5583.16,1392.09,1,0,0,0,1,0,0,0,51,0,0,0,15,0,0,0,-5583.16,0,0,0,1392.09
141,63,48,10,-3713.39,464.17,1,1,0,0,0,48,0,0,0,10,0,0,0,-3713.39,0,0,0,464.17,0,0,0
142,25,NULL,NULL,NULL,NULL,NULL,NULL,NULL,NULL,NULL,NULL,NULL,NULL,NULL,NULL,NULL,NULL,NULL,NULL,NULL,NULL,NULL,NULL,NULL,NULL,NULL
143,28,NULL,NULL,NULL,NULL,NULL,NULL,NULL,NULL,NULL,NULL,NULL,NULL,NULL,NULL,NULL,NULL,NULL,NULL,NULL,NULL,NULL,NULL,NULL,NULL,NULL
144,38,50,11,-4085.62,1058.38,1,1,0,0,0,50,0,0,0,11,0,0,0,-4085.62,0,0,0,1058.38,0,0,0
145,58,96,19,-7930.55,3222.85,2,0,1,0,1,0,53,0,43,0,10,0,9,0,-3880.02,0,-4050.52,0,1042.05,0,2180.8
146,37,47,7,-4233.41,511.35,1,0,1,0,0,0,47,0,0,0,7,0,0,0,-4233.41,0,0,0,511.35,0,0
147,27,107,18,-8568.46,1868.18,2,0,1,0,1,0,54,0,53,0,9,0,9,0,-5053.64,0,-3514.82,0,1007.54,0,860.65
148,32,83,14,-7134.98,1135.5,2,1,0,0,1,49,0,0,34,4,0,0,10,-4820.48,0,0,-2314.51,179.81,0,0,955.69
149,64,47,12,-4629.45,881.23,1,0,1,0,0,0,47,0,0,0,12,0,0,0,-4629.45,0,0,0,881.23,0,0
150,47,97,16,-9494.24,1139.06,2,0,1,0,1,0,50,0,47,0,9,0,7,0,-6051.14,0,-3443.09,0,741.55,0,397.51
151,28,100,25,-8785.91,1637.38,2,1,0,1,0,46,0,54,0,14,0,11,0,-3905.17,0,-4880.74,0,1140.35,0,497.03,0
152,54,NULL,NULL,NULL,NULL,NULL,NULL,NULL,NULL,NULL,NULL,NULL,NULL,NULL,NULL,NULL,NULL,NULL,NULL,NULL,NULL,NULL,NULL,NULL,NULL,NULL
153,33,NULL,NULL,NULL,NULL,NULL,NULL,NULL,NULL,NULL,NULL,NULL,NULL,NULL,NULL,NULL,NULL,NULL,NULL,NULL,NULL,NULL,NULL,NULL,NULL,NULL
154,27,100,19,-7441.56,1355.37,2,1,0,0,1,53,0,0,47,8,0,0,11,-4305.85,0,0,-3135.71,713.57,0,0,641.79
155,40,NULL,NULL,NULL,NULL,NULL,NULL,NULL,NULL,NULL,NULL,NULL,NULL,NULL,NULL,NULL,NULL,NULL,NULL,NULL,NULL,NULL,NULL,NULL,NULL,NULL
156,37,NULL,NULL,NULL,NULL,NULL,NULL,NULL,NULL,NULL,NULL,NULL,NULL,NULL,NULL,NULL,NULL,NULL,NULL,NULL,NULL,NULL,NULL,NULL,NULL,NULL
157,37,195,38,-13199.34,3797.32,4,1,1,0,2,54,39,0,102,13,5,0,20,-2979.62,-3141.64,0,-7078.09,1477.4,276.15,0,2043.78
158,44,NULL,NULL,NULL,NULL,NULL,NULL,NULL,NULL,NULL,NULL,NULL,NULL,NULL,NULL,NULL,NULL,NULL,NULL,NULL,NULL,NULL,NULL,NULL,NULL,NULL
159,39,52,9,-3647.9,834.59,1,0,0,0,1,0,0,0,52,0,0,0,9,0,0,0,-3647.9,0,0,0,834.59
160,54,42,7,-2866.03,304.27,1,1,0,0,0,42,0,0,0,7,0,0,0,-2866.03,0,0,0,304.27,0,0,0
161,67,45,11,-3022,1134.97,1,0,0,1,0,0,0,45,0,0,0,11,0,0,0,-3022,0,0,0,1134.97,0
162,31,51,13,-3595.98,1241.15,1,0,0,0,1,0,0,0,51,0,0,0,13,0,0,0,-3595.98,0,0,0,1241.15
163,65,101,26,-7606.86,2637.33,2,0,2,0,0,0,101,0,0,0,26,0,0,0,-7606.86,0,0,0,2637.33,0,0
164,30,60,13,-5193.65,750.32,1,1,0,0,0,60,0,0,0,13,0,0,0,-5193.65,0,0,0,750.32,0,0,0
165,62,109,25,-7795.4,1735.1,2,0,1,0,1,0,52,0,57,0,20,0,5,0,-3700.13,0,-4095.27,0,1194.74,0,540.36
166,57,45,12,-3382.35,842.09,1,0,1,0,0,0,45,0,0,0,12,0,0,0,-3382.35,0,0,0,842.09,0,0
167,42,59,12,-7462.18,592.73,1,0,0,0,1,0,0,0,59,0,0,0,12,0,0,0,-7462.18,0,0,0,592.73
168,35,47,11,-3933.75,1008.77,1,0,0,0,1,0,0,0,47,0,0,0,11,0,0,0,-3933.75,0,0,0,1008.77
169,26,40,9,-2489.41,686.97,1,0,0,1,0,0,0,40,0,0,0,9,0,0,0,-2489.41,0,0,0,686.97,0
170,64,51,10,-4820.7,649.72,1,0,1,0,0,0,51,0,0,0,10,0,0,0,-4820.7,0,0,0,649.72,0,0
171,45,NULL,NULL,NULL,NULL,NULL,NULL,NULL,NULL,NULL,NULL,NULL,NULL,NULL,NULL,NULL,NULL,NULL,NULL,NULL,NULL,NULL,NULL,NULL,NULL,NULL
172,44,62,6,-5005.72,846.46,1,1,0,0,0,62,0,0,0,6,0,0,0,-5005.72,0,0,0,846.46,0,0,0
173,62,54,13,-5026.13,1007.7,1,1,0,0,0,54,0,0,0,13,0,0,0,-5026.13,0,0,0,1007.7,0,0,0
174,53,35,9,-3208.28,768.89,1,0,0,0,1,0,0,0,35,0,0,0,9,0,0,0,-3208.28,0,0,0,768.89
175,44,72,14,-6667.91,1399.22,1,1,0,0,0,72,0,0,0,14,0,0,0,-6667.91,0,0,0,1399.22,0,0,0
176,41,NULL,NULL,NULL,NULL,NULL,NULL,NULL,NULL,NULL,NULL,NULL,NULL,NULL,NULL,NULL,NULL,NULL,NULL,NULL,NULL,NULL,NULL,NULL,NULL,NULL
177,49,111,18,-12913.43,1856.32,2,0,1,0,1,0,56,0,55,0,11,0,7,0,-5958.95,0,-6954.48,0,1510.27,0,346.05
178,36,NULL,NULL,NULL,NULL,NULL,NULL,NULL,NULL,NULL,NULL,NULL,NULL,NULL,NULL,NULL,NULL,NULL,NULL,NULL,NULL,NULL,NULL,NULL,NULL,NULL
179,28,231,30,-16015.3,2346.38,4,0,2,0,2,0,122,0,109,0,20,0,10,0,-8997.59,0,-7017.71,0,1599.62,0,746.76
180,28,49,9,-4075.91,1385.76,1,1,0,0,0,49,0,0,0,9,0,0,0,-4075.91,0,0,0,1385.76,0,0,0
181,34,45,16,-3509.25,1472.97,1,1,0,0,0,45,0,0,0,16,0,0,0,-3509.25,0,0,0,1472.97,0,0,0
182,63,52,6,-4365.21,357.59,1,1,0,0,0,52,0,0,0,6,0,0,0,-4365.21,0,0,0,357.59,0,0,0
183,42,173,22,-15983.54,2969.62,3,0,1,0,2,0,63,0,110,0,5,0,17,0,-6284.83,0,-9698.71,0,409.17,0,2560.45
184,41,NULL,NULL,NULL,NULL,NULL,NULL,NULL,NULL,NULL,NULL,NULL,NULL,NULL,NULL,NULL,NULL,NULL,NULL,NULL,NULL,NULL,NULL,NULL,NULL,NULL
185,40,99,14,-8955.71,1418.59,2,0,0,1,1,0,0,39,60,0,0,7,7,0,0,-3578.7,-5377.01,0,0,877.27,541.32
186,33,NULL,NULL,NULL,NULL,NULL,NULL,NULL,NULL,NULL,NULL,NULL,NULL,NULL,NULL,NULL,NULL,NULL,NULL,NULL,NULL,NULL,NULL,NULL,NULL,NULL
187,49,64,11,-5447.75,662.04,1,0,1,0,0,0,64,0,0,0,11,0,0,0,-5447.75,0,0,0,662.04,0,0
188,33,51,21,-3423.46,1463.54,1,1,0,0,0,51,0,0,0,21,0,0,0,-3423.46,0,0,0,1463.54,0,0,0
189,59,NULL,NULL,NULL,NULL,NULL,NULL,NULL,NULL,NULL,NULL,NULL,NULL,NULL,NULL,NULL,NULL,NULL,NULL,NULL,NULL,NULL,NULL,NULL,NULL,NULL
190,41,NULL,NULL,NULL,NULL,NULL,NULL,NULL,NULL,NULL,NULL,NULL,NULL,NULL,NULL,NULL,NULL,NULL,NULL,NULL,NULL,NULL,NULL,NULL,NULL,NULL
191,37,102,27,-8372.32,2406.68,2,2,0,0,0,102,0,0,0,27,0,0,0,-8372.32,0,0,0,2406.68,0,0,0
192,65,41,9,-3916.68,1086.68,1,0,1,0,0,0,41,0,0,0,9,0,0,0,-3916.68,0,0,0,1086.68,0,0
193,52,64,10,-5031.47,1160.52,1,0,0,0,1,0,0,0,64,0,0,0,10,0,0,0,-5031.47,0,0,0,1160.52
194,42,NULL,NULL,NULL,NULL,NULL,NULL,NULL,NULL,NULL,NULL,NULL,NULL,NULL,NULL,NULL,NULL,NULL,NULL,NULL,NULL,NULL,NULL,NULL,NULL,NULL
195,33,156,38,-13843.74,3503.84,3,1,1,0,1,56,52,0,48,11,15,0,12,-5284.59,-4958.87,0,-3600.28,1222.28,1570.57,0,710.99
196,62,50,9,-4196.81,476.85,1,0,1,0,0,0,50,0,0,0,9,0,0,0,-4196.81,0,0,0,476.85,0,0
197,38,104,19,-8298.42,2255.24,2,1,0,0,1,53,0,0,51,8,0,0,11,-3286.33,0,0,-5012.09,859.39,0,0,1395.86
198,45,49,7,-6008.1,365.17,1,1,0,0,0,49,0,0,0,7,0,0,0,-6008.1,0,0,0,365.17,0,0,0
199,34,137,25,-8843.8,2375.23,2,0,0,1,1,0,0,75,62,0,0,12,13,0,0,-4556.12,-4287.68,0,0,1339.03,1036.21
